certification_id,supplier_id,supplier_name_normalized,cert_name_raw,cert_name_normalized,expiry_date_raw,expiry_date,source_file,source_sheet,source_row,source_column
CERT_3755648571314506687,SUP_4159415505829127593,1855,nan,NAN,,,C:\Users\riccardo.dibiagio\PycharmProjects\etl_tool\Registro fornitori e Ordini.xlsx,,,CERTIFICAZIONE/CERTIFICAZIONI
CERT_3755648571314506687,SUP_4159415505829127593,1855,nan,NAN,,,C:\Users\riccardo.dibiagio\PycharmProjects\etl_tool\Registro fornitori e Ordini.xlsx,,,CERTIFICAZIONE/CERTIFICAZIONI
CERT_1041944859121755503,SUP_8946545976846238318,A. PONTECORVO S.P.A.,nan,NAN,,,C:\Users\riccardo.dibiagio\PycharmProjects\etl_tool\Registro fornitori e Ordini.xlsx,,,CERTIFICAZIONE/CERTIFICAZIONI
CERT_4339916970142596083,SUP_8946545976846238318,A. PONTECORVO S.P.A.,ISO 9001:2015,ISO 9001:2015,,,C:\Users\riccardo.dibiagio\PycharmProjects\etl_tool\Registro fornitori e Ordini.xlsx,,,CERTIFICAZIONE/CERTIFICAZIONI
CERT_2056722278564228955,SUP_8066959339184381404,A.B. ESSE S.P.A.,nan,NAN,,,C:\Users\riccardo.dibiagio\PycharmProjects\etl_tool\Registro fornitori e Ordini.xlsx,,,CERTIFICAZIONE/CERTIFICAZIONI
CERT_676311641837049253,SUP_8066959339184381404,A.B. ESSE S.P.A.,QUESTIONARIO PRE-QUALIFICA in attesa approvazione Spartaco,QUESTIONARIO PRE-QUALIFICA IN ATTESA APPROVAZIONE SPARTACO,,,C:\Users\riccardo.dibiagio\PycharmProjects\etl_tool\Registro fornitori e Ordini.xlsx,,,CERTIFICAZIONE/CERTIFICAZIONI
CERT_3756426344724282679,SUP_4003026683781222991,ABIS CIRCUITS CO. LIMITED,nan,NAN,,,C:\Users\riccardo.dibiagio\PycharmProjects\etl_tool\Registro fornitori e Ordini.xlsx,,,CERTIFICAZIONE/CERTIFICAZIONI
CERT_9138288173988634265,SUP_4003026683781222991,ABIS CIRCUITS CO. LIMITED,ISO 9001:2015,ISO 9001:2015,,,C:\Users\riccardo.dibiagio\PycharmProjects\etl_tool\Registro fornitori e Ordini.xlsx,,,CERTIFICAZIONE/CERTIFICAZIONI
CERT_8261511328796572760,SUP_6885422043853362609,ACAL BFI ITALY SRL,nan,NAN,,,C:\Users\riccardo.dibiagio\PycharmProjects\etl_tool\Registro fornitori e Ordini.xlsx,,,CERTIFICAZIONE/CERTIFICAZIONI
CERT_1518707883452146954,SUP_6885422043853362609,ACAL BFI ITALY SRL,ISO 9001:2015,ISO 9001:2015,,,C:\Users\riccardo.dibiagio\PycharmProjects\etl_tool\Registro fornitori e Ordini.xlsx,,,CERTIFICAZIONE/CERTIFICAZIONI
CERT_5048698022764937466,SUP_5259020484714479308,ACX DESIGN S.R.L.,nan,NAN,,,C:\Users\riccardo.dibiagio\PycharmProjects\etl_tool\Registro fornitori e Ordini.xlsx,,,CERTIFICAZIONE/CERTIFICAZIONI
CERT_2314508099151074577,SUP_5259020484714479308,ACX DESIGN S.R.L.,ISO 9001:2015,ISO 9001:2015,,,C:\Users\riccardo.dibiagio\PycharmProjects\etl_tool\Registro fornitori e Ordini.xlsx,,,CERTIFICAZIONE/CERTIFICAZIONI
CERT_8677997760540198599,SUP_8935105067253007922,ADVAM S.R.L.,nan,NAN,,,C:\Users\riccardo.dibiagio\PycharmProjects\etl_tool\Registro fornitori e Ordini.xlsx,,,CERTIFICAZIONE/CERTIFICAZIONI
CERT_3296135931275847013,SUP_8935105067253007922,ADVAM S.R.L.,ISO 9001:2015,ISO 9001:2015,,,C:\Users\riccardo.dibiagio\PycharmProjects\etl_tool\Registro fornitori e Ordini.xlsx,,,CERTIFICAZIONE/CERTIFICAZIONI
CERT_5095908111932294387,SUP_2927027388811480020,AFAR S.R.L.,nan,NAN,,,C:\Users\riccardo.dibiagio\PycharmProjects\etl_tool\Registro fornitori e Ordini.xlsx,,,CERTIFICAZIONE/CERTIFICAZIONI
CERT_7949857165278423381,SUP_2927027388811480020,AFAR S.R.L.,ISO 9001:2015 / EN 9120:2018,ISO 9001:2015 / EN 9120:2018,,,C:\Users\riccardo.dibiagio\PycharmProjects\etl_tool\Registro fornitori e Ordini.xlsx,,,CERTIFICAZIONE/CERTIFICAZIONI
CERT_637509533616148212,SUP_4485086961438581867,AIRSERVICE S.R.L.,nan,NAN,,,C:\Users\riccardo.dibiagio\PycharmProjects\etl_tool\Registro fornitori e Ordini.xlsx,,,CERTIFICAZIONE/CERTIFICAZIONI
CERT_637509533616148212,SUP_4485086961438581867,AIRSERVICE S.R.L.,nan,NAN,,,C:\Users\riccardo.dibiagio\PycharmProjects\etl_tool\Registro fornitori e Ordini.xlsx,,,CERTIFICAZIONE/CERTIFICAZIONI
CERT_3469685606368875108,SUP_5512617973696217128,ALANTYS TECHNOLOGY,nan,NAN,,,C:\Users\riccardo.dibiagio\PycharmProjects\etl_tool\Registro fornitori e Ordini.xlsx,,,CERTIFICAZIONE/CERTIFICAZIONI
CERT_5196839255091956794,SUP_5512617973696217128,ALANTYS TECHNOLOGY,ISO 9001:2015,ISO 9001:2015,,,C:\Users\riccardo.dibiagio\PycharmProjects\etl_tool\Registro fornitori e Ordini.xlsx,,,CERTIFICAZIONE/CERTIFICAZIONI
CERT_6066742132721578200,SUP_2728851770977696432,ALHOF S.P.A.,nan,NAN,,,C:\Users\riccardo.dibiagio\PycharmProjects\etl_tool\Registro fornitori e Ordini.xlsx,,,CERTIFICAZIONE/CERTIFICAZIONI
CERT_665763336222744352,SUP_2728851770977696432,ALHOF S.P.A.,ISO 9001:2015 / EN 9120:2018,ISO 9001:2015 / EN 9120:2018,,,C:\Users\riccardo.dibiagio\PycharmProjects\etl_tool\Registro fornitori e Ordini.xlsx,,,CERTIFICAZIONE/CERTIFICAZIONI
CERT_4230551749731406428,SUP_3747923048135586383,ALLUMINIO DI QUALITA',nan,NAN,,,C:\Users\riccardo.dibiagio\PycharmProjects\etl_tool\Registro fornitori e Ordini.xlsx,,,CERTIFICAZIONE/CERTIFICAZIONI
CERT_1151310079532945158,SUP_3747923048135586383,ALLUMINIO DI QUALITA',ISO 9001:2015,ISO 9001:2015,,,C:\Users\riccardo.dibiagio\PycharmProjects\etl_tool\Registro fornitori e Ordini.xlsx,,,CERTIFICAZIONE/CERTIFICAZIONI
CERT_6604426940194420131,SUP_2813523151639088290,ALMET ITALIA S.R.L.,nan,NAN,,,C:\Users\riccardo.dibiagio\PycharmProjects\etl_tool\Registro fornitori e Ordini.xlsx,,,CERTIFICAZIONE/CERTIFICAZIONI
CERT_3175792272054299583,SUP_2813523151639088290,ALMET ITALIA S.R.L.,ISO 9001:2015,ISO 9001:2015,,,C:\Users\riccardo.dibiagio\PycharmProjects\etl_tool\Registro fornitori e Ordini.xlsx,,,CERTIFICAZIONE/CERTIFICAZIONI
CERT_8737496782695644651,SUP_5677719391596986912,AMADA,nan,NAN,,,C:\Users\riccardo.dibiagio\PycharmProjects\etl_tool\Registro fornitori e Ordini.xlsx,,,CERTIFICAZIONE/CERTIFICAZIONI
CERT_8737496782695644651,SUP_5677719391596986912,AMADA,nan,NAN,,,C:\Users\riccardo.dibiagio\PycharmProjects\etl_tool\Registro fornitori e Ordini.xlsx,,,CERTIFICAZIONE/CERTIFICAZIONI
CERT_2050158151906688388,SUP_4831061865741099220,AMINSTRUMENTS,nan,NAN,,,C:\Users\riccardo.dibiagio\PycharmProjects\etl_tool\Registro fornitori e Ordini.xlsx,,,CERTIFICAZIONE/CERTIFICAZIONI
CERT_2050158151906688388,SUP_4831061865741099220,AMINSTRUMENTS,nan,NAN,,,C:\Users\riccardo.dibiagio\PycharmProjects\etl_tool\Registro fornitori e Ordini.xlsx,,,CERTIFICAZIONE/CERTIFICAZIONI
CERT_640142867818319974,SUP_8832984891523241213,ANGELANTONI TEST TECHNOLOGIES S.R.L.,nan,NAN,,,C:\Users\riccardo.dibiagio\PycharmProjects\etl_tool\Registro fornitori e Ordini.xlsx,,,CERTIFICAZIONE/CERTIFICAZIONI
CERT_640142867818319974,SUP_8832984891523241213,ANGELANTONI TEST TECHNOLOGIES S.R.L.,nan,NAN,,,C:\Users\riccardo.dibiagio\PycharmProjects\etl_tool\Registro fornitori e Ordini.xlsx,,,CERTIFICAZIONE/CERTIFICAZIONI
CERT_5842580531332200319,SUP_1594520620626369482,ANTINCENDIO 2005,nan,NAN,,,C:\Users\riccardo.dibiagio\PycharmProjects\etl_tool\Registro fornitori e Ordini.xlsx,,,CERTIFICAZIONE/CERTIFICAZIONI
CERT_5842580531332200319,SUP_1594520620626369482,ANTINCENDIO 2005,nan,NAN,,,C:\Users\riccardo.dibiagio\PycharmProjects\etl_tool\Registro fornitori e Ordini.xlsx,,,CERTIFICAZIONE/CERTIFICAZIONI
CERT_1316359721174288191,SUP_3066011515753828494,ARROW ELECTRONICS INC,nan,NAN,,,C:\Users\riccardo.dibiagio\PycharmProjects\etl_tool\Registro fornitori e Ordini.xlsx,,,CERTIFICAZIONE/CERTIFICAZIONI
CERT_4065502108090063395,SUP_3066011515753828494,ARROW ELECTRONICS INC,ISO 9001:2015,ISO 9001:2015,,,C:\Users\riccardo.dibiagio\PycharmProjects\etl_tool\Registro fornitori e Ordini.xlsx,,,CERTIFICAZIONE/CERTIFICAZIONI
CERT_5614709747321903295,SUP_5136429958611442126,ASSELTECH S.R.L.,nan,NAN,,,C:\Users\riccardo.dibiagio\PycharmProjects\etl_tool\Registro fornitori e Ordini.xlsx,,,CERTIFICAZIONE/CERTIFICAZIONI
CERT_7450172497123296735,SUP_5136429958611442126,ASSELTECH S.R.L.,ISO 9001:2015,ISO 9001:2015,,,C:\Users\riccardo.dibiagio\PycharmProjects\etl_tool\Registro fornitori e Ordini.xlsx,,,CERTIFICAZIONE/CERTIFICAZIONI
CERT_4898230572260496846,SUP_5004336497437189384,AVIATRONIK TRESCAL S.P.A.,nan,NAN,,,C:\Users\riccardo.dibiagio\PycharmProjects\etl_tool\Registro fornitori e Ordini.xlsx,,,CERTIFICAZIONE/CERTIFICAZIONI
CERT_483631257003854740,SUP_5004336497437189384,AVIATRONIK TRESCAL S.P.A.,ISO 9001:2015,ISO 9001:2015,,,C:\Users\riccardo.dibiagio\PycharmProjects\etl_tool\Registro fornitori e Ordini.xlsx,,,CERTIFICAZIONE/CERTIFICAZIONI
CERT_7542167493483900278,SUP_3407408735746686561,BARBIERI S.R.L.,nan,NAN,,,C:\Users\riccardo.dibiagio\PycharmProjects\etl_tool\Registro fornitori e Ordini.xlsx,,,CERTIFICAZIONE/CERTIFICAZIONI
CERT_7542167493483900278,SUP_3407408735746686561,BARBIERI S.R.L.,nan,NAN,,,C:\Users\riccardo.dibiagio\PycharmProjects\etl_tool\Registro fornitori e Ordini.xlsx,,,CERTIFICAZIONE/CERTIFICAZIONI
CERT_372206901546600628,SUP_7542732991525812468,BELOTTI SISTEMI,nan,NAN,,,C:\Users\riccardo.dibiagio\PycharmProjects\etl_tool\Registro fornitori e Ordini.xlsx,,,CERTIFICAZIONE/CERTIFICAZIONI
CERT_372206901546600628,SUP_7542732991525812468,BELOTTI SISTEMI,nan,NAN,,,C:\Users\riccardo.dibiagio\PycharmProjects\etl_tool\Registro fornitori e Ordini.xlsx,,,CERTIFICAZIONE/CERTIFICAZIONI
CERT_4304760996202293042,SUP_8273397182847123907,BERNER,nan,NAN,,,C:\Users\riccardo.dibiagio\PycharmProjects\etl_tool\Registro fornitori e Ordini.xlsx,,,CERTIFICAZIONE/CERTIFICAZIONI
CERT_4304760996202293042,SUP_8273397182847123907,BERNER,nan,NAN,,,C:\Users\riccardo.dibiagio\PycharmProjects\etl_tool\Registro fornitori e Ordini.xlsx,,,CERTIFICAZIONE/CERTIFICAZIONI
CERT_2511002991571478804,SUP_4062532336005468018,BOSSARD ITALIA S.R.L.,nan,NAN,,,C:\Users\riccardo.dibiagio\PycharmProjects\etl_tool\Registro fornitori e Ordini.xlsx,,,CERTIFICAZIONE/CERTIFICAZIONI
CERT_7269216220677240910,SUP_4062532336005468018,BOSSARD ITALIA S.R.L.,ISO 9001:2015,ISO 9001:2015,,,C:\Users\riccardo.dibiagio\PycharmProjects\etl_tool\Registro fornitori e Ordini.xlsx,,,CERTIFICAZIONE/CERTIFICAZIONI
CERT_957642448805464506,SUP_602208219744580945,BROWNELL LTD,nan,NAN,,,C:\Users\riccardo.dibiagio\PycharmProjects\etl_tool\Registro fornitori e Ordini.xlsx,,,CERTIFICAZIONE/CERTIFICAZIONI
CERT_4424219380458887080,SUP_602208219744580945,BROWNELL LTD,ISO 9001:2015,ISO 9001:2015,,,C:\Users\riccardo.dibiagio\PycharmProjects\etl_tool\Registro fornitori e Ordini.xlsx,,,CERTIFICAZIONE/CERTIFICAZIONI
CERT_7287866187044638050,SUP_7633915132558210915,BRUNETTI & FIGLIO S.N.C.,nan,NAN,,,C:\Users\riccardo.dibiagio\PycharmProjects\etl_tool\Registro fornitori e Ordini.xlsx,,,CERTIFICAZIONE/CERTIFICAZIONI
CERT_1378658674416193852,SUP_7633915132558210915,BRUNETTI & FIGLIO S.N.C.,ISO 9001:2015,ISO 9001:2015,,,C:\Users\riccardo.dibiagio\PycharmProjects\etl_tool\Registro fornitori e Ordini.xlsx,,,CERTIFICAZIONE/CERTIFICAZIONI
CERT_9037412126903439095,SUP_4408138793370033306,C&C S.R.L.,nan,NAN,,,C:\Users\riccardo.dibiagio\PycharmProjects\etl_tool\Registro fornitori e Ordini.xlsx,,,CERTIFICAZIONE/CERTIFICAZIONI
CERT_2208437596085585537,SUP_4408138793370033306,C&C S.R.L.,EN 9100:2018,EN 9100:2018,,,C:\Users\riccardo.dibiagio\PycharmProjects\etl_tool\Registro fornitori e Ordini.xlsx,,,CERTIFICAZIONE/CERTIFICAZIONI
CERT_3214796080856819390,SUP_4163961972732336954,CABIOTEC S.R.L.,nan,NAN,,,C:\Users\riccardo.dibiagio\PycharmProjects\etl_tool\Registro fornitori e Ordini.xlsx,,,CERTIFICAZIONE/CERTIFICAZIONI
CERT_3214796080856819390,SUP_4163961972732336954,CABIOTEC S.R.L.,nan,NAN,,,C:\Users\riccardo.dibiagio\PycharmProjects\etl_tool\Registro fornitori e Ordini.xlsx,,,CERTIFICAZIONE/CERTIFICAZIONI
CERT_298584951565487870,SUP_3285462131869320214,CATAPANO MAURO,nan,NAN,,,C:\Users\riccardo.dibiagio\PycharmProjects\etl_tool\Registro fornitori e Ordini.xlsx,,,CERTIFICAZIONE/CERTIFICAZIONI
CERT_298584951565487870,SUP_3285462131869320214,CATAPANO MAURO,nan,NAN,,,C:\Users\riccardo.dibiagio\PycharmProjects\etl_tool\Registro fornitori e Ordini.xlsx,,,CERTIFICAZIONE/CERTIFICAZIONI
CERT_1071303768182833693,SUP_4230896500129940975,CDP,nan,NAN,,,C:\Users\riccardo.dibiagio\PycharmProjects\etl_tool\Registro fornitori e Ordini.xlsx,,,CERTIFICAZIONE/CERTIFICAZIONI
CERT_1071303768182833693,SUP_4230896500129940975,CDP,nan,NAN,,,C:\Users\riccardo.dibiagio\PycharmProjects\etl_tool\Registro fornitori e Ordini.xlsx,,,CERTIFICAZIONE/CERTIFICAZIONI
CERT_8744509543819718134,SUP_6200629265699544338,CE.CA.SA. S.R.L.,nan,NAN,,,C:\Users\riccardo.dibiagio\PycharmProjects\etl_tool\Registro fornitori e Ordini.xlsx,,,CERTIFICAZIONE/CERTIFICAZIONI
CERT_1035709668429001580,SUP_6200629265699544338,CE.CA.SA. S.R.L.,ISO 9001:2015,ISO 9001:2015,,,C:\Users\riccardo.dibiagio\PycharmProjects\etl_tool\Registro fornitori e Ordini.xlsx,,,CERTIFICAZIONE/CERTIFICAZIONI
CERT_6420745558869507442,SUP_364703117488594412,CELTE S.P.A.,nan,NAN,,,C:\Users\riccardo.dibiagio\PycharmProjects\etl_tool\Registro fornitori e Ordini.xlsx,,,CERTIFICAZIONE/CERTIFICAZIONI
CERT_6644136685575692588,SUP_364703117488594412,CELTE S.P.A.,ISO 9001:2015,ISO 9001:2015,,,C:\Users\riccardo.dibiagio\PycharmProjects\etl_tool\Registro fornitori e Ordini.xlsx,,,CERTIFICAZIONE/CERTIFICAZIONI
CERT_1926723770784224839,SUP_1036693177035908593,CIRCUITI STAMPATI S.R.L.,nan,NAN,,,C:\Users\riccardo.dibiagio\PycharmProjects\etl_tool\Registro fornitori e Ordini.xlsx,,,CERTIFICAZIONE/CERTIFICAZIONI
CERT_3455138058480126747,SUP_1036693177035908593,CIRCUITI STAMPATI S.R.L.,ISO 9001:2015,ISO 9001:2015,,,C:\Users\riccardo.dibiagio\PycharmProjects\etl_tool\Registro fornitori e Ordini.xlsx,,,CERTIFICAZIONE/CERTIFICAZIONI
CERT_5788226954876044573,SUP_1219416752559146236,CISEL S.R.L.,nan,NAN,,,C:\Users\riccardo.dibiagio\PycharmProjects\etl_tool\Registro fornitori e Ordini.xlsx,,,CERTIFICAZIONE/CERTIFICAZIONI
CERT_7276655289569155457,SUP_1219416752559146236,CISEL S.R.L.,ISO 9001:2015,ISO 9001:2015,,,C:\Users\riccardo.dibiagio\PycharmProjects\etl_tool\Registro fornitori e Ordini.xlsx,,,CERTIFICAZIONE/CERTIFICAZIONI
CERT_6382861889729574977,SUP_5320097176537901106,CISTELAIER S.P.A.,nan,NAN,,,C:\Users\riccardo.dibiagio\PycharmProjects\etl_tool\Registro fornitori e Ordini.xlsx,,,CERTIFICAZIONE/CERTIFICAZIONI
CERT_7020836362073049685,SUP_5320097176537901106,CISTELAIER S.P.A.,ISO 9001:2015 / EN 9100:2018,ISO 9001:2015 / EN 9100:2018,,,C:\Users\riccardo.dibiagio\PycharmProjects\etl_tool\Registro fornitori e Ordini.xlsx,,,CERTIFICAZIONE/CERTIFICAZIONI
CERT_4847694120173584023,SUP_808218281920533500,CML F.LLI LIBERATI SRL,nan,NAN,,,C:\Users\riccardo.dibiagio\PycharmProjects\etl_tool\Registro fornitori e Ordini.xlsx,,,CERTIFICAZIONE/CERTIFICAZIONI
CERT_5155581401154823724,SUP_808218281920533500,CML F.LLI LIBERATI SRL,ISO 9001:2015 - certificato n. IT312812,ISO 9001:2015 - CERTIFICATO N. IT312812,,,C:\Users\riccardo.dibiagio\PycharmProjects\etl_tool\Registro fornitori e Ordini.xlsx,,,CERTIFICAZIONE/CERTIFICAZIONI
CERT_3187019154903760533,SUP_6758147085173174577,COMELEC S.R.L.,nan,NAN,,,C:\Users\riccardo.dibiagio\PycharmProjects\etl_tool\Registro fornitori e Ordini.xlsx,,,CERTIFICAZIONE/CERTIFICAZIONI
CERT_3187019154903760533,SUP_6758147085173174577,COMELEC S.R.L.,nan,NAN,,,C:\Users\riccardo.dibiagio\PycharmProjects\etl_tool\Registro fornitori e Ordini.xlsx,,,CERTIFICAZIONE/CERTIFICAZIONI
CERT_5138353643554352221,SUP_5903614860450920835,CONRAD ELECTRONIC ITALIA S.R.L.,nan,NAN,,,C:\Users\riccardo.dibiagio\PycharmProjects\etl_tool\Registro fornitori e Ordini.xlsx,,,CERTIFICAZIONE/CERTIFICAZIONI
CERT_3528171217906479681,SUP_5903614860450920835,CONRAD ELECTRONIC ITALIA S.R.L.,ISO 9001:2015,ISO 9001:2015,,,C:\Users\riccardo.dibiagio\PycharmProjects\etl_tool\Registro fornitori e Ordini.xlsx,,,CERTIFICAZIONE/CERTIFICAZIONI
CERT_8765666563942923494,SUP_7750062822869888211,CONTRADATA,nan,NAN,,,C:\Users\riccardo.dibiagio\PycharmProjects\etl_tool\Registro fornitori e Ordini.xlsx,,,CERTIFICAZIONE/CERTIFICAZIONI
CERT_99141702482091592,SUP_7750062822869888211,CONTRADATA,ISO 9001:2015,ISO 9001:2015,,,C:\Users\riccardo.dibiagio\PycharmProjects\etl_tool\Registro fornitori e Ordini.xlsx,,,CERTIFICAZIONE/CERTIFICAZIONI
CERT_890117298920325118,SUP_7091032332535812936,CONVERGE,nan,NAN,,,C:\Users\riccardo.dibiagio\PycharmProjects\etl_tool\Registro fornitori e Ordini.xlsx,,,CERTIFICAZIONE/CERTIFICAZIONI
CERT_4491744530344026468,SUP_7091032332535812936,CONVERGE,ISO 9001:2015,ISO 9001:2015,,,C:\Users\riccardo.dibiagio\PycharmProjects\etl_tool\Registro fornitori e Ordini.xlsx,,,CERTIFICAZIONE/CERTIFICAZIONI
CERT_5628766349792338412,SUP_4359817916978970665,CSA TEAM S.R.L.,nan,NAN,,,C:\Users\riccardo.dibiagio\PycharmProjects\etl_tool\Registro fornitori e Ordini.xlsx,,,CERTIFICAZIONE/CERTIFICAZIONI
CERT_5628766349792338412,SUP_4359817916978970665,CSA TEAM S.R.L.,nan,NAN,,,C:\Users\riccardo.dibiagio\PycharmProjects\etl_tool\Registro fornitori e Ordini.xlsx,,,CERTIFICAZIONE/CERTIFICAZIONI
CERT_984994285555694863,SUP_988411792829340421,D & P ELECTRONIC SYSTEMS SRL,nan,NAN,,,C:\Users\riccardo.dibiagio\PycharmProjects\etl_tool\Registro fornitori e Ordini.xlsx,,,CERTIFICAZIONE/CERTIFICAZIONI
CERT_1323689393863963066,SUP_988411792829340421,D & P ELECTRONIC SYSTEMS SRL,ISO 9001:2015 - certificato n. 12963,ISO 9001:2015 - CERTIFICATO N. 12963,,,C:\Users\riccardo.dibiagio\PycharmProjects\etl_tool\Registro fornitori e Ordini.xlsx,,,CERTIFICAZIONE/CERTIFICAZIONI
CERT_1385277090063446512,SUP_1769015406742356185,D.P.I.,nan,NAN,,,C:\Users\riccardo.dibiagio\PycharmProjects\etl_tool\Registro fornitori e Ordini.xlsx,,,CERTIFICAZIONE/CERTIFICAZIONI
CERT_1385277090063446512,SUP_1769015406742356185,D.P.I.,nan,NAN,,,C:\Users\riccardo.dibiagio\PycharmProjects\etl_tool\Registro fornitori e Ordini.xlsx,,,CERTIFICAZIONE/CERTIFICAZIONI
CERT_2257876563000605909,SUP_1362513854579571370,D.S.A,nan,NAN,,,C:\Users\riccardo.dibiagio\PycharmProjects\etl_tool\Registro fornitori e Ordini.xlsx,,,CERTIFICAZIONE/CERTIFICAZIONI
CERT_2257876563000605909,SUP_1362513854579571370,D.S.A,nan,NAN,,,C:\Users\riccardo.dibiagio\PycharmProjects\etl_tool\Registro fornitori e Ordini.xlsx,,,CERTIFICAZIONE/CERTIFICAZIONI
CERT_2767987465356192996,SUP_3591434645509264740,DATAONE,nan,NAN,,,C:\Users\riccardo.dibiagio\PycharmProjects\etl_tool\Registro fornitori e Ordini.xlsx,,,CERTIFICAZIONE/CERTIFICAZIONI
CERT_2767987465356192996,SUP_3591434645509264740,DATAONE,nan,NAN,,,C:\Users\riccardo.dibiagio\PycharmProjects\etl_tool\Registro fornitori e Ordini.xlsx,,,CERTIFICAZIONE/CERTIFICAZIONI
CERT_7223460349495851271,SUP_5369556741092040777,DB ELECTRONIC INSTRUMENTS S.R.L.,nan,NAN,,,C:\Users\riccardo.dibiagio\PycharmProjects\etl_tool\Registro fornitori e Ordini.xlsx,,,CERTIFICAZIONE/CERTIFICAZIONI
CERT_1444692329784303441,SUP_5369556741092040777,DB ELECTRONIC INSTRUMENTS S.R.L.,QUESTIONARIO PRE-QUALIFICA in attesa approvazione Spartaco,QUESTIONARIO PRE-QUALIFICA IN ATTESA APPROVAZIONE SPARTACO,,,C:\Users\riccardo.dibiagio\PycharmProjects\etl_tool\Registro fornitori e Ordini.xlsx,,,CERTIFICAZIONE/CERTIFICAZIONI
CERT_8326091543773251629,SUP_1991147364829902187,DEEP LAB S.R.L.,nan,NAN,,,C:\Users\riccardo.dibiagio\PycharmProjects\etl_tool\Registro fornitori e Ordini.xlsx,,,CERTIFICAZIONE/CERTIFICAZIONI
CERT_6806912346494971694,SUP_1991147364829902187,DEEP LAB S.R.L.,QUESTIONARIO PRE-QUALIFICA,QUESTIONARIO PRE-QUALIFICA,,,C:\Users\riccardo.dibiagio\PycharmProjects\etl_tool\Registro fornitori e Ordini.xlsx,,,CERTIFICAZIONE/CERTIFICAZIONI
CERT_1588783819917868828,SUP_5288377155246888335,DIGI-KEY,nan,NAN,,,C:\Users\riccardo.dibiagio\PycharmProjects\etl_tool\Registro fornitori e Ordini.xlsx,,,CERTIFICAZIONE/CERTIFICAZIONI
CERT_6970645649182220414,SUP_5288377155246888335,DIGI-KEY,ISO 9001:2015,ISO 9001:2015,,,C:\Users\riccardo.dibiagio\PycharmProjects\etl_tool\Registro fornitori e Ordini.xlsx,,,CERTIFICAZIONE/CERTIFICAZIONI
CERT_9145321564605846169,SUP_3846349855479171383,DIMAC RED S.P.A.,nan,NAN,,,C:\Users\riccardo.dibiagio\PycharmProjects\etl_tool\Registro fornitori e Ordini.xlsx,,,CERTIFICAZIONE/CERTIFICAZIONI
CERT_3919560679839353861,SUP_3846349855479171383,DIMAC RED S.P.A.,ISO 9001:2015,ISO 9001:2015,,,C:\Users\riccardo.dibiagio\PycharmProjects\etl_tool\Registro fornitori e Ordini.xlsx,,,CERTIFICAZIONE/CERTIFICAZIONI
CERT_1465361402747900102,SUP_4640225959113122904,DISTRELEC ITALIA S.R.L.,nan,NAN,,,C:\Users\riccardo.dibiagio\PycharmProjects\etl_tool\Registro fornitori e Ordini.xlsx,,,CERTIFICAZIONE/CERTIFICAZIONI
CERT_3916500426516451484,SUP_4640225959113122904,DISTRELEC ITALIA S.R.L.,ISO 9001:2015,ISO 9001:2015,,,C:\Users\riccardo.dibiagio\PycharmProjects\etl_tool\Registro fornitori e Ordini.xlsx,,,CERTIFICAZIONE/CERTIFICAZIONI
CERT_1713056865154539889,SUP_3173842864861044024,E.S.E. GEA S.R.L.,nan,NAN,,,C:\Users\riccardo.dibiagio\PycharmProjects\etl_tool\Registro fornitori e Ordini.xlsx,,,CERTIFICAZIONE/CERTIFICAZIONI
CERT_1713056865154539889,SUP_3173842864861044024,E.S.E. GEA S.R.L.,nan,NAN,,,C:\Users\riccardo.dibiagio\PycharmProjects\etl_tool\Registro fornitori e Ordini.xlsx,,,CERTIFICAZIONE/CERTIFICAZIONI
CERT_607100539798838736,SUP_4757516719345007999,EDMUND OPTICS LTD,nan,NAN,,,C:\Users\riccardo.dibiagio\PycharmProjects\etl_tool\Registro fornitori e Ordini.xlsx,,,CERTIFICAZIONE/CERTIFICAZIONI
CERT_5988962369063190322,SUP_4757516719345007999,EDMUND OPTICS LTD,ISO 9001:2015,ISO 9001:2015,,,C:\Users\riccardo.dibiagio\PycharmProjects\etl_tool\Registro fornitori e Ordini.xlsx,,,CERTIFICAZIONE/CERTIFICAZIONI
CERT_2892541294558977915,SUP_379145174749848506,EL.TREV. S.R.L.,nan,NAN,,,C:\Users\riccardo.dibiagio\PycharmProjects\etl_tool\Registro fornitori e Ordini.xlsx,,,CERTIFICAZIONE/CERTIFICAZIONI
CERT_2150504527347949039,SUP_379145174749848506,EL.TREV. S.R.L.,ISO 9001:2015 / EN 9100:2018,ISO 9001:2015 / EN 9100:2018,,,C:\Users\riccardo.dibiagio\PycharmProjects\etl_tool\Registro fornitori e Ordini.xlsx,,,CERTIFICAZIONE/CERTIFICAZIONI
CERT_1334620940741883732,SUP_4305837242445261703,ELCO S.P.A.,nan,NAN,,,C:\Users\riccardo.dibiagio\PycharmProjects\etl_tool\Registro fornitori e Ordini.xlsx,,,CERTIFICAZIONE/CERTIFICAZIONI
CERT_7331903920718948170,SUP_4305837242445261703,ELCO S.P.A.,ISO 9001:2015,ISO 9001:2015,,,C:\Users\riccardo.dibiagio\PycharmProjects\etl_tool\Registro fornitori e Ordini.xlsx,,,CERTIFICAZIONE/CERTIFICAZIONI
CERT_1645876622777247767,SUP_6335463593384844250,ELESA S.P.A.,nan,NAN,,,C:\Users\riccardo.dibiagio\PycharmProjects\etl_tool\Registro fornitori e Ordini.xlsx,,,CERTIFICAZIONE/CERTIFICAZIONI
CERT_7027738452041599353,SUP_6335463593384844250,ELESA S.P.A.,ISO 9001:2015,ISO 9001:2015,,,C:\Users\riccardo.dibiagio\PycharmProjects\etl_tool\Registro fornitori e Ordini.xlsx,,,CERTIFICAZIONE/CERTIFICAZIONI
CERT_2390887347752557392,SUP_3426428280696154433,ELETTROLEGHE S.R.L.,nan,NAN,,,C:\Users\riccardo.dibiagio\PycharmProjects\etl_tool\Registro fornitori e Ordini.xlsx,,,CERTIFICAZIONE/CERTIFICAZIONI
CERT_871708150474277457,SUP_3426428280696154433,ELETTROLEGHE S.R.L.,QUESTIONARIO PRE-QUALIFICA,QUESTIONARIO PRE-QUALIFICA,,,C:\Users\riccardo.dibiagio\PycharmProjects\etl_tool\Registro fornitori e Ordini.xlsx,,,CERTIFICAZIONE/CERTIFICAZIONI
CERT_2177827383828819076,SUP_2084053279417800679,ELETTRONICA SRLS,nan,NAN,,,C:\Users\riccardo.dibiagio\PycharmProjects\etl_tool\Registro fornitori e Ordini.xlsx,,,CERTIFICAZIONE/CERTIFICAZIONI
CERT_6488697477632012826,SUP_2084053279417800679,ELETTRONICA SRLS,ISO 9001:2015,ISO 9001:2015,,,C:\Users\riccardo.dibiagio\PycharmProjects\etl_tool\Registro fornitori e Ordini.xlsx,,,CERTIFICAZIONE/CERTIFICAZIONI
CERT_3386313305946240683,SUP_3721355417557230116,ELMACOM S.R.L.,nan,NAN,,,C:\Users\riccardo.dibiagio\PycharmProjects\etl_tool\Registro fornitori e Ordini.xlsx,,,CERTIFICAZIONE/CERTIFICAZIONI
CERT_4620392003304256957,SUP_3721355417557230116,ELMACOM S.R.L.,ISO 9001:2015 - n.CERT-08364-2001-AQ-ROM-SINCERT,ISO 9001:2015 - N.CERT-08364-2001-AQ-ROM-SINCERT,,,C:\Users\riccardo.dibiagio\PycharmProjects\etl_tool\Registro fornitori e Ordini.xlsx,,,CERTIFICAZIONE/CERTIFICAZIONI
CERT_7402974019583571002,SUP_2552595561967725919,ETMAN,nan,NAN,,,C:\Users\riccardo.dibiagio\PycharmProjects\etl_tool\Registro fornitori e Ordini.xlsx,,,CERTIFICAZIONE/CERTIFICAZIONI
CERT_7402974019583571002,SUP_2552595561967725919,ETMAN,nan,NAN,,,C:\Users\riccardo.dibiagio\PycharmProjects\etl_tool\Registro fornitori e Ordini.xlsx,,,CERTIFICAZIONE/CERTIFICAZIONI
CERT_537532165311837108,SUP_2927598786926949250,EUROSERVICE,nan,NAN,,,C:\Users\riccardo.dibiagio\PycharmProjects\etl_tool\Registro fornitori e Ordini.xlsx,,,CERTIFICAZIONE/CERTIFICAZIONI
CERT_537532165311837108,SUP_2927598786926949250,EUROSERVICE,nan,NAN,,,C:\Users\riccardo.dibiagio\PycharmProjects\etl_tool\Registro fornitori e Ordini.xlsx,,,CERTIFICAZIONE/CERTIFICAZIONI
CERT_9095323997431053785,SUP_8035458520462283088,F.C.E. S.R.L.,nan,NAN,,,C:\Users\riccardo.dibiagio\PycharmProjects\etl_tool\Registro fornitori e Ordini.xlsx,,,CERTIFICAZIONE/CERTIFICAZIONI
CERT_3713462168166702199,SUP_8035458520462283088,F.C.E. S.R.L.,ISO 9001:2015,ISO 9001:2015,,,C:\Users\riccardo.dibiagio\PycharmProjects\etl_tool\Registro fornitori e Ordini.xlsx,,,CERTIFICAZIONE/CERTIFICAZIONI
CERT_462522670983240662,SUP_6917503315494128228,F.LLI GUERRERO S.R.L.,nan,NAN,,,C:\Users\riccardo.dibiagio\PycharmProjects\etl_tool\Registro fornitori e Ordini.xlsx,,,CERTIFICAZIONE/CERTIFICAZIONI
CERT_8204002190477591240,SUP_6917503315494128228,F.LLI GUERRERO S.R.L.,ISO 9001:2015,ISO 9001:2015,,,C:\Users\riccardo.dibiagio\PycharmProjects\etl_tool\Registro fornitori e Ordini.xlsx,,,CERTIFICAZIONE/CERTIFICAZIONI
CERT_516990680416580180,SUP_3324482495551179492,FARNELL ITALIA S.R.L.,nan,NAN,,,C:\Users\riccardo.dibiagio\PycharmProjects\etl_tool\Registro fornitori e Ordini.xlsx,,,CERTIFICAZIONE/CERTIFICAZIONI
CERT_5898852509680931766,SUP_3324482495551179492,FARNELL ITALIA S.R.L.,ISO 9001:2015,ISO 9001:2015,,,C:\Users\riccardo.dibiagio\PycharmProjects\etl_tool\Registro fornitori e Ordini.xlsx,,,CERTIFICAZIONE/CERTIFICAZIONI
CERT_7768935488164137905,SUP_746869449220971172,FENICE MULTISERVIZI S.R.L.,nan,NAN,,,C:\Users\riccardo.dibiagio\PycharmProjects\etl_tool\Registro fornitori e Ordini.xlsx,,,CERTIFICAZIONE/CERTIFICAZIONI
CERT_7768935488164137905,SUP_746869449220971172,FENICE MULTISERVIZI S.R.L.,nan,NAN,,,C:\Users\riccardo.dibiagio\PycharmProjects\etl_tool\Registro fornitori e Ordini.xlsx,,,CERTIFICAZIONE/CERTIFICAZIONI
CERT_3111335014770608514,SUP_2631295261703637551,FG MECCANICA DI FABRIZI GIORGIO,nan,NAN,,,C:\Users\riccardo.dibiagio\PycharmProjects\etl_tool\Registro fornitori e Ordini.xlsx,,,CERTIFICAZIONE/CERTIFICAZIONI
CERT_5315104910591428013,SUP_2631295261703637551,FG MECCANICA DI FABRIZI GIORGIO,QUESTIONARIO PRE-QUALIFICA in attesa approvazione Spartaco,QUESTIONARIO PRE-QUALIFICA IN ATTESA APPROVAZIONE SPARTACO,,,C:\Users\riccardo.dibiagio\PycharmProjects\etl_tool\Registro fornitori e Ordini.xlsx,,,CERTIFICAZIONE/CERTIFICAZIONI
CERT_9026754318984757565,SUP_3741856343344385245,FRANCO CORRADI & C. S.A.S.,nan,NAN,,,C:\Users\riccardo.dibiagio\PycharmProjects\etl_tool\Registro fornitori e Ordini.xlsx,,,CERTIFICAZIONE/CERTIFICAZIONI
CERT_7898261610612548803,SUP_3741856343344385245,FRANCO CORRADI & C. S.A.S.,QUESTIONARIO PRE-QUALIFICA,QUESTIONARIO PRE-QUALIFICA,,,C:\Users\riccardo.dibiagio\PycharmProjects\etl_tool\Registro fornitori e Ordini.xlsx,,,CERTIFICAZIONE/CERTIFICAZIONI
CERT_1812842574079791259,SUP_7427218699660185323,FUTURA S.R.L.,nan,NAN,,,C:\Users\riccardo.dibiagio\PycharmProjects\etl_tool\Registro fornitori e Ordini.xlsx,,,CERTIFICAZIONE/CERTIFICAZIONI
CERT_6853682287381040643,SUP_7427218699660185323,FUTURA S.R.L.,ISO 9001:2015,ISO 9001:2015,,,C:\Users\riccardo.dibiagio\PycharmProjects\etl_tool\Registro fornitori e Ordini.xlsx,,,CERTIFICAZIONE/CERTIFICAZIONI
CERT_4038583932877341335,SUP_8269220135074402975,GALVANICA ITALIA S.R.L.,nan,NAN,,,C:\Users\riccardo.dibiagio\PycharmProjects\etl_tool\Registro fornitori e Ordini.xlsx,,,CERTIFICAZIONE/CERTIFICAZIONI
CERT_1343277896387010251,SUP_8269220135074402975,GALVANICA ITALIA S.R.L.,ISO 9001:2015,ISO 9001:2015,,,C:\Users\riccardo.dibiagio\PycharmProjects\etl_tool\Registro fornitori e Ordini.xlsx,,,CERTIFICAZIONE/CERTIFICAZIONI
CERT_4321778334489877928,SUP_7963535339513655110,GENERAL COMPUTER,nan,NAN,,,C:\Users\riccardo.dibiagio\PycharmProjects\etl_tool\Registro fornitori e Ordini.xlsx,,,CERTIFICAZIONE/CERTIFICAZIONI
CERT_4321778334489877928,SUP_7963535339513655110,GENERAL COMPUTER,nan,NAN,,,C:\Users\riccardo.dibiagio\PycharmProjects\etl_tool\Registro fornitori e Ordini.xlsx,,,CERTIFICAZIONE/CERTIFICAZIONI
CERT_1505813656640295432,SUP_7734822913286839618,GENERON SPA,nan,NAN,,,C:\Users\riccardo.dibiagio\PycharmProjects\etl_tool\Registro fornitori e Ordini.xlsx,,,CERTIFICAZIONE/CERTIFICAZIONI
CERT_7383466505457303430,SUP_7734822913286839618,GENERON SPA,ISO 9001:2015 - n.CERT-17841-2006-AQ-BOL,ISO 9001:2015 - N.CERT-17841-2006-AQ-BOL,,,C:\Users\riccardo.dibiagio\PycharmProjects\etl_tool\Registro fornitori e Ordini.xlsx,,,CERTIFICAZIONE/CERTIFICAZIONI
CERT_4548772338103702164,SUP_401393716419639259,GENEX RF SRL,nan,NAN,,,C:\Users\riccardo.dibiagio\PycharmProjects\etl_tool\Registro fornitori e Ordini.xlsx,,,CERTIFICAZIONE/CERTIFICAZIONI
CERT_7046101397237934189,SUP_401393716419639259,GENEX RF SRL,ISO 9001:2015 - certificato n. 9170.GEN2,ISO 9001:2015 - CERTIFICATO N. 9170.GEN2,,,C:\Users\riccardo.dibiagio\PycharmProjects\etl_tool\Registro fornitori e Ordini.xlsx,,,CERTIFICAZIONE/CERTIFICAZIONI
CERT_2963301185948297343,SUP_4990335401200773335,GENTILE MULTISERVIZI,nan,NAN,,,C:\Users\riccardo.dibiagio\PycharmProjects\etl_tool\Registro fornitori e Ordini.xlsx,,,CERTIFICAZIONE/CERTIFICAZIONI
CERT_2963301185948297343,SUP_4990335401200773335,GENTILE MULTISERVIZI,nan,NAN,,,C:\Users\riccardo.dibiagio\PycharmProjects\etl_tool\Registro fornitori e Ordini.xlsx,,,CERTIFICAZIONE/CERTIFICAZIONI
CERT_6422417969461324056,SUP_7658574357741570425,GESTIONE SILO,nan,NAN,,,C:\Users\riccardo.dibiagio\PycharmProjects\etl_tool\Registro fornitori e Ordini.xlsx,,,CERTIFICAZIONE/CERTIFICAZIONI
CERT_1040556140196972470,SUP_7658574357741570425,GESTIONE SILO,ISO 9001:2015,ISO 9001:2015,,,C:\Users\riccardo.dibiagio\PycharmProjects\etl_tool\Registro fornitori e Ordini.xlsx,,,CERTIFICAZIONE/CERTIFICAZIONI
CERT_198302978425442816,SUP_5033084673688544619,GLENAIR ITALIA S.P.A.,nan,NAN,,,C:\Users\riccardo.dibiagio\PycharmProjects\etl_tool\Registro fornitori e Ordini.xlsx,,,CERTIFICAZIONE/CERTIFICAZIONI
CERT_8468221883035389086,SUP_5033084673688544619,GLENAIR ITALIA S.P.A.,ISO 9001:2015,ISO 9001:2015,,,C:\Users\riccardo.dibiagio\PycharmProjects\etl_tool\Registro fornitori e Ordini.xlsx,,,CERTIFICAZIONE/CERTIFICAZIONI
CERT_5777218232515384930,SUP_3815304934010010489,GOAN S.R.L.,nan,NAN,,,C:\Users\riccardo.dibiagio\PycharmProjects\etl_tool\Registro fornitori e Ordini.xlsx,,,CERTIFICAZIONE/CERTIFICAZIONI
CERT_2889306628945446972,SUP_3815304934010010489,GOAN S.R.L.,ISO 9001:2015,ISO 9001:2015,,,C:\Users\riccardo.dibiagio\PycharmProjects\etl_tool\Registro fornitori e Ordini.xlsx,,,CERTIFICAZIONE/CERTIFICAZIONI
CERT_4896371955915924033,SUP_4259326210876808316,HOFFMANN,nan,NAN,,,C:\Users\riccardo.dibiagio\PycharmProjects\etl_tool\Registro fornitori e Ordini.xlsx,,,CERTIFICAZIONE/CERTIFICAZIONI
CERT_4896371955915924033,SUP_4259326210876808316,HOFFMANN,nan,NAN,,,C:\Users\riccardo.dibiagio\PycharmProjects\etl_tool\Registro fornitori e Ordini.xlsx,,,CERTIFICAZIONE/CERTIFICAZIONI
CERT_4154614542929166754,SUP_3233627929513749434,HSC,nan,NAN,,,C:\Users\riccardo.dibiagio\PycharmProjects\etl_tool\Registro fornitori e Ordini.xlsx,,,CERTIFICAZIONE/CERTIFICAZIONI
CERT_4154614542929166754,SUP_3233627929513749434,HSC,nan,NAN,,,C:\Users\riccardo.dibiagio\PycharmProjects\etl_tool\Registro fornitori e Ordini.xlsx,,,CERTIFICAZIONE/CERTIFICAZIONI
CERT_5813876671283098936,SUP_569438434151077473,IPP,nan,NAN,,,C:\Users\riccardo.dibiagio\PycharmProjects\etl_tool\Registro fornitori e Ordini.xlsx,,,CERTIFICAZIONE/CERTIFICAZIONI
CERT_432014842018747350,SUP_569438434151077473,IPP,ISO 9001:2015,ISO 9001:2015,,,C:\Users\riccardo.dibiagio\PycharmProjects\etl_tool\Registro fornitori e Ordini.xlsx,,,CERTIFICAZIONE/CERTIFICAZIONI
CERT_5627017499171663534,SUP_5436380734011910011,J2 SOURCING AB,nan,NAN,,,C:\Users\riccardo.dibiagio\PycharmProjects\etl_tool\Registro fornitori e Ordini.xlsx,,,CERTIFICAZIONE/CERTIFICAZIONI
CERT_3039507362289168368,SUP_5436380734011910011,J2 SOURCING AB,ISO 9001:2015,ISO 9001:2015,,,C:\Users\riccardo.dibiagio\PycharmProjects\etl_tool\Registro fornitori e Ordini.xlsx,,,CERTIFICAZIONE/CERTIFICAZIONI
CERT_1651276429786196884,SUP_598547937965636699,LA NUOVA EUROGALV S.R.L.,nan,NAN,,,C:\Users\riccardo.dibiagio\PycharmProjects\etl_tool\Registro fornitori e Ordini.xlsx,,,CERTIFICAZIONE/CERTIFICAZIONI
CERT_7015248431674635018,SUP_598547937965636699,LA NUOVA EUROGALV S.R.L.,ISO 9001:2015,ISO 9001:2015,,,C:\Users\riccardo.dibiagio\PycharmProjects\etl_tool\Registro fornitori e Ordini.xlsx,,,CERTIFICAZIONE/CERTIFICAZIONI
CERT_8910430317261781801,SUP_5171594928180473881,LAMECO,nan,NAN,,,C:\Users\riccardo.dibiagio\PycharmProjects\etl_tool\Registro fornitori e Ordini.xlsx,,,CERTIFICAZIONE/CERTIFICAZIONI
CERT_6951118737078382092,SUP_5171594928180473881,LAMECO,ISO 9001:2015 / EN 9100:2018,ISO 9001:2015 / EN 9100:2018,,,C:\Users\riccardo.dibiagio\PycharmProjects\etl_tool\Registro fornitori e Ordini.xlsx,,,CERTIFICAZIONE/CERTIFICAZIONI
CERT_6159552406835754523,SUP_8547799447660535427,LASER OPTRONIC,nan,NAN,,,C:\Users\riccardo.dibiagio\PycharmProjects\etl_tool\Registro fornitori e Ordini.xlsx,,,CERTIFICAZIONE/CERTIFICAZIONI
CERT_6159552406835754523,SUP_8547799447660535427,LASER OPTRONIC,nan,NAN,,,C:\Users\riccardo.dibiagio\PycharmProjects\etl_tool\Registro fornitori e Ordini.xlsx,,,CERTIFICAZIONE/CERTIFICAZIONI
CERT_1217101016606502693,SUP_4919760054865203092,LIBER S.R.L.,nan,NAN,,,C:\Users\riccardo.dibiagio\PycharmProjects\etl_tool\Registro fornitori e Ordini.xlsx,,,CERTIFICAZIONE/CERTIFICAZIONI
CERT_1217101016606502693,SUP_4919760054865203092,LIBER S.R.L.,nan,NAN,,,C:\Users\riccardo.dibiagio\PycharmProjects\etl_tool\Registro fornitori e Ordini.xlsx,,,CERTIFICAZIONE/CERTIFICAZIONI
CERT_6636543667658958047,SUP_7308963895195308327,LINCAR CARRELLI ELEVATORI S.R.L.,nan,NAN,,,C:\Users\riccardo.dibiagio\PycharmProjects\etl_tool\Registro fornitori e Ordini.xlsx,,,CERTIFICAZIONE/CERTIFICAZIONI
CERT_6636543667658958047,SUP_7308963895195308327,LINCAR CARRELLI ELEVATORI S.R.L.,nan,NAN,,,C:\Users\riccardo.dibiagio\PycharmProjects\etl_tool\Registro fornitori e Ordini.xlsx,,,CERTIFICAZIONE/CERTIFICAZIONI
CERT_7122672666476742451,SUP_1622588361885704494,LUMITRON,nan,NAN,,,C:\Users\riccardo.dibiagio\PycharmProjects\etl_tool\Registro fornitori e Ordini.xlsx,,,CERTIFICAZIONE/CERTIFICAZIONI
CERT_5942209577968457579,SUP_1622588361885704494,LUMITRON,ISO 9001:2015,ISO 9001:2015,,,C:\Users\riccardo.dibiagio\PycharmProjects\etl_tool\Registro fornitori e Ordini.xlsx,,,CERTIFICAZIONE/CERTIFICAZIONI
CERT_2719295430711795739,SUP_5492491103023444471,MAGI SRL,nan,NAN,,,C:\Users\riccardo.dibiagio\PycharmProjects\etl_tool\Registro fornitori e Ordini.xlsx,,,CERTIFICAZIONE/CERTIFICAZIONI
CERT_2886380568699910741,SUP_5492491103023444471,MAGI SRL,ISO 9001:2015 - certificato n. 1280,ISO 9001:2015 - CERTIFICATO N. 1280,,,C:\Users\riccardo.dibiagio\PycharmProjects\etl_tool\Registro fornitori e Ordini.xlsx,,,CERTIFICAZIONE/CERTIFICAZIONI
CERT_3215942574622838710,SUP_1172708439351808017,MARGARINI IMBALLI S.R.L.,nan,NAN,,,C:\Users\riccardo.dibiagio\PycharmProjects\etl_tool\Registro fornitori e Ordini.xlsx,,,CERTIFICAZIONE/CERTIFICAZIONI
CERT_4620832262506088748,SUP_1172708439351808017,MARGARINI IMBALLI S.R.L.,inviato QUESTIONARIO PREQUALIFICA,INVIATO QUESTIONARIO PREQUALIFICA,,,C:\Users\riccardo.dibiagio\PycharmProjects\etl_tool\Registro fornitori e Ordini.xlsx,,,CERTIFICAZIONE/CERTIFICAZIONI
CERT_1329933387850433396,SUP_6897579983344076312,MASSARO,nan,NAN,,,C:\Users\riccardo.dibiagio\PycharmProjects\etl_tool\Registro fornitori e Ordini.xlsx,,,CERTIFICAZIONE/CERTIFICAZIONI
CERT_1329933387850433396,SUP_6897579983344076312,MASSARO,nan,NAN,,,C:\Users\riccardo.dibiagio\PycharmProjects\etl_tool\Registro fornitori e Ordini.xlsx,,,CERTIFICAZIONE/CERTIFICAZIONI
CERT_7923043956790500381,SUP_2096134382388706750,MATTIOCCO ELASTOMERI S.R.L.,nan,NAN,,,C:\Users\riccardo.dibiagio\PycharmProjects\etl_tool\Registro fornitori e Ordini.xlsx,,,CERTIFICAZIONE/CERTIFICAZIONI
CERT_1857175255458219333,SUP_2096134382388706750,MATTIOCCO ELASTOMERI S.R.L.,ISO 9001:2015,ISO 9001:2015,,,C:\Users\riccardo.dibiagio\PycharmProjects\etl_tool\Registro fornitori e Ordini.xlsx,,,CERTIFICAZIONE/CERTIFICAZIONI
CERT_3544443429753448023,SUP_6929631107693944623,MAZAK,nan,NAN,,,C:\Users\riccardo.dibiagio\PycharmProjects\etl_tool\Registro fornitori e Ordini.xlsx,,,CERTIFICAZIONE/CERTIFICAZIONI
CERT_3544443429753448023,SUP_6929631107693944623,MAZAK,nan,NAN,,,C:\Users\riccardo.dibiagio\PycharmProjects\etl_tool\Registro fornitori e Ordini.xlsx,,,CERTIFICAZIONE/CERTIFICAZIONI
CERT_3784144748161317226,SUP_3736021495883885906,MECCANICA INNOVATIVA S.R.L.,nan,NAN,,,C:\Users\riccardo.dibiagio\PycharmProjects\etl_tool\Registro fornitori e Ordini.xlsx,,,CERTIFICAZIONE/CERTIFICAZIONI
CERT_9166006577425668812,SUP_3736021495883885906,MECCANICA INNOVATIVA S.R.L.,ISO 9001:2015,ISO 9001:2015,,,C:\Users\riccardo.dibiagio\PycharmProjects\etl_tool\Registro fornitori e Ordini.xlsx,,,CERTIFICAZIONE/CERTIFICAZIONI
CERT_5443610650615379500,SUP_6265631649259889097,METATRON S.R.L.,nan,NAN,,,C:\Users\riccardo.dibiagio\PycharmProjects\etl_tool\Registro fornitori e Ordini.xlsx,,,CERTIFICAZIONE/CERTIFICAZIONI
CERT_3222914210845452402,SUP_6265631649259889097,METATRON S.R.L.,ISO 9001:2015,ISO 9001:2015,,,C:\Users\riccardo.dibiagio\PycharmProjects\etl_tool\Registro fornitori e Ordini.xlsx,,,CERTIFICAZIONE/CERTIFICAZIONI
CERT_5261754502371604825,SUP_5251256167710368146,MICROCHIP TECHNOLOGY IRELAND LTD.,nan,NAN,,,C:\Users\riccardo.dibiagio\PycharmProjects\etl_tool\Registro fornitori e Ordini.xlsx,,,CERTIFICAZIONE/CERTIFICAZIONI
CERT_4518464709877114889,SUP_5251256167710368146,MICROCHIP TECHNOLOGY IRELAND LTD.,ISO 9001:2015,ISO 9001:2015,,,C:\Users\riccardo.dibiagio\PycharmProjects\etl_tool\Registro fornitori e Ordini.xlsx,,,CERTIFICAZIONE/CERTIFICAZIONI
CERT_5784108273154557945,SUP_4238820630265553671,MILEXIA ITALIA S.P.A.,nan,NAN,,,C:\Users\riccardo.dibiagio\PycharmProjects\etl_tool\Registro fornitori e Ordini.xlsx,,,CERTIFICAZIONE/CERTIFICAZIONI
CERT_2882416588306273957,SUP_4238820630265553671,MILEXIA ITALIA S.P.A.,ISO 9001:2015,ISO 9001:2015,,,C:\Users\riccardo.dibiagio\PycharmProjects\etl_tool\Registro fornitori e Ordini.xlsx,,,CERTIFICAZIONE/CERTIFICAZIONI
CERT_1803348394889506608,SUP_1546328211849872547,MISUMI EUROPA GMBH,nan,NAN,,,C:\Users\riccardo.dibiagio\PycharmProjects\etl_tool\Registro fornitori e Ordini.xlsx,,,CERTIFICAZIONE/CERTIFICAZIONI
CERT_6863176466571325294,SUP_1546328211849872547,MISUMI EUROPA GMBH,ISO 9001:2015,ISO 9001:2015,,,C:\Users\riccardo.dibiagio\PycharmProjects\etl_tool\Registro fornitori e Ordini.xlsx,,,CERTIFICAZIONE/CERTIFICAZIONI
CERT_7834092373791326363,SUP_7557141675148494135,MITEC,nan,NAN,,,C:\Users\riccardo.dibiagio\PycharmProjects\etl_tool\Registro fornitori e Ordini.xlsx,,,CERTIFICAZIONE/CERTIFICAZIONI
CERT_7834092373791326363,SUP_7557141675148494135,MITEC,nan,NAN,,,C:\Users\riccardo.dibiagio\PycharmProjects\etl_tool\Registro fornitori e Ordini.xlsx,,,CERTIFICAZIONE/CERTIFICAZIONI
CERT_4694591309487674021,SUP_2000115397062621629,MITOR SYSTEM S.R.L.,nan,NAN,,,C:\Users\riccardo.dibiagio\PycharmProjects\etl_tool\Registro fornitori e Ordini.xlsx,,,CERTIFICAZIONE/CERTIFICAZIONI
CERT_687270519776677565,SUP_2000115397062621629,MITOR SYSTEM S.R.L.,ISO 9001:2015,ISO 9001:2015,,,C:\Users\riccardo.dibiagio\PycharmProjects\etl_tool\Registro fornitori e Ordini.xlsx,,,CERTIFICAZIONE/CERTIFICAZIONI
CERT_8238066468728760641,SUP_7530318392518661453,MITUTOYO,nan,NAN,,,C:\Users\riccardo.dibiagio\PycharmProjects\etl_tool\Registro fornitori e Ordini.xlsx,,,CERTIFICAZIONE/CERTIFICAZIONI
CERT_8238066468728760641,SUP_7530318392518661453,MITUTOYO,nan,NAN,,,C:\Users\riccardo.dibiagio\PycharmProjects\etl_tool\Registro fornitori e Ordini.xlsx,,,CERTIFICAZIONE/CERTIFICAZIONI
CERT_3506142858570274160,SUP_2321041381472398810,MONDO PLASTICA S.R.L.,nan,NAN,,,C:\Users\riccardo.dibiagio\PycharmProjects\etl_tool\Registro fornitori e Ordini.xlsx,,,CERTIFICAZIONE/CERTIFICAZIONI
CERT_6514161289777240929,SUP_2321041381472398810,MONDO PLASTICA S.R.L.,QUESTIONARIO PRE-QUALIFICA in attesa approvazione Spartaco,QUESTIONARIO PRE-QUALIFICA IN ATTESA APPROVAZIONE SPARTACO,,,C:\Users\riccardo.dibiagio\PycharmProjects\etl_tool\Registro fornitori e Ordini.xlsx,,,CERTIFICAZIONE/CERTIFICAZIONI
CERT_7734030267886253185,SUP_5692552977052581366,MONDOFFICE,nan,NAN,,,C:\Users\riccardo.dibiagio\PycharmProjects\etl_tool\Registro fornitori e Ordini.xlsx,,,CERTIFICAZIONE/CERTIFICAZIONI
CERT_7734030267886253185,SUP_5692552977052581366,MONDOFFICE,nan,NAN,,,C:\Users\riccardo.dibiagio\PycharmProjects\etl_tool\Registro fornitori e Ordini.xlsx,,,CERTIFICAZIONE/CERTIFICAZIONI
CERT_1201409361708337954,SUP_7738383116002723127,MOUSER,nan,NAN,,,C:\Users\riccardo.dibiagio\PycharmProjects\etl_tool\Registro fornitori e Ordini.xlsx,,,CERTIFICAZIONE/CERTIFICAZIONI
CERT_1713905667743005067,SUP_7738383116002723127,MOUSER,ISO 9001-2015 / AS9100D,ISO 9001-2015 / AS9100D,,,C:\Users\riccardo.dibiagio\PycharmProjects\etl_tool\Registro fornitori e Ordini.xlsx,,,CERTIFICAZIONE/CERTIFICAZIONI
CERT_809804388643489475,SUP_5419462692056539523,NAN,nan,NAN,,,C:\Users\riccardo.dibiagio\PycharmProjects\etl_tool\Registro fornitori e Ordini.xlsx,,,CERTIFICAZIONE/CERTIFICAZIONI
CERT_809804388643489475,SUP_5419462692056539523,NAN,nan,NAN,,,C:\Users\riccardo.dibiagio\PycharmProjects\etl_tool\Registro fornitori e Ordini.xlsx,,,CERTIFICAZIONE/CERTIFICAZIONI
CERT_562388829557939930,SUP_7625501506033571354,NEXOS,nan,NAN,,,C:\Users\riccardo.dibiagio\PycharmProjects\etl_tool\Registro fornitori e Ordini.xlsx,,,CERTIFICAZIONE/CERTIFICAZIONI
CERT_5216379190153607900,SUP_7625501506033571354,NEXOS,QUESTIONARIO PRE-QUALIFICA in attesa approvazione Spartaco,QUESTIONARIO PRE-QUALIFICA IN ATTESA APPROVAZIONE SPARTACO,,,C:\Users\riccardo.dibiagio\PycharmProjects\etl_tool\Registro fornitori e Ordini.xlsx,,,CERTIFICAZIONE/CERTIFICAZIONI
CERT_3306672868331827774,SUP_7554033996431772850,NEXT04,nan,NAN,,,C:\Users\riccardo.dibiagio\PycharmProjects\etl_tool\Registro fornitori e Ordini.xlsx,,,CERTIFICAZIONE/CERTIFICAZIONI
CERT_3306672868331827774,SUP_7554033996431772850,NEXT04,nan,NAN,,,C:\Users\riccardo.dibiagio\PycharmProjects\etl_tool\Registro fornitori e Ordini.xlsx,,,CERTIFICAZIONE/CERTIFICAZIONI
CERT_2132173641181446590,SUP_9175789625749234968,NICOMATIC SA,nan,NAN,,,C:\Users\riccardo.dibiagio\PycharmProjects\etl_tool\Registro fornitori e Ordini.xlsx,,,CERTIFICAZIONE/CERTIFICAZIONI
CERT_7514035470445798176,SUP_9175789625749234968,NICOMATIC SA,ISO 9001:2015,ISO 9001:2015,,,C:\Users\riccardo.dibiagio\PycharmProjects\etl_tool\Registro fornitori e Ordini.xlsx,,,CERTIFICAZIONE/CERTIFICAZIONI
CERT_2498677445371893365,SUP_1274520870597683747,NOXANT,nan,NAN,,,C:\Users\riccardo.dibiagio\PycharmProjects\etl_tool\Registro fornitori e Ordini.xlsx,,,CERTIFICAZIONE/CERTIFICAZIONI
CERT_2498677445371893365,SUP_1274520870597683747,NOXANT,nan,NAN,,,C:\Users\riccardo.dibiagio\PycharmProjects\etl_tool\Registro fornitori e Ordini.xlsx,,,CERTIFICAZIONE/CERTIFICAZIONI
CERT_1578665741530918379,SUP_5981066771242919903,NUOVA ITALACCIAI S.R.L.,nan,NAN,,,C:\Users\riccardo.dibiagio\PycharmProjects\etl_tool\Registro fornitori e Ordini.xlsx,,,CERTIFICAZIONE/CERTIFICAZIONI
CERT_59486544252638444,SUP_5981066771242919903,NUOVA ITALACCIAI S.R.L.,QUESTIONARIO PRE-QUALIFICA,QUESTIONARIO PRE-QUALIFICA,,,C:\Users\riccardo.dibiagio\PycharmProjects\etl_tool\Registro fornitori e Ordini.xlsx,,,CERTIFICAZIONE/CERTIFICAZIONI
CERT_586554968003506178,SUP_181886986307077191,OFFICINE LAMERA S.R.L.,nan,NAN,,,C:\Users\riccardo.dibiagio\PycharmProjects\etl_tool\Registro fornitori e Ordini.xlsx,,,CERTIFICAZIONE/CERTIFICAZIONI
CERT_9193664244245213536,SUP_181886986307077191,OFFICINE LAMERA S.R.L.,ISO 9001:2015,ISO 9001:2015,,,C:\Users\riccardo.dibiagio\PycharmProjects\etl_tool\Registro fornitori e Ordini.xlsx,,,CERTIFICAZIONE/CERTIFICAZIONI
CERT_8354455268044518991,SUP_4155758999735136088,P.F. ELETTRONICA S.N.C.,nan,NAN,,,C:\Users\riccardo.dibiagio\PycharmProjects\etl_tool\Registro fornitori e Ordini.xlsx,,,CERTIFICAZIONE/CERTIFICAZIONI
CERT_6690287808674013752,SUP_4155758999735136088,P.F. ELETTRONICA S.N.C.,ISO 9001:2015,ISO 9001:2015,,,C:\Users\riccardo.dibiagio\PycharmProjects\etl_tool\Registro fornitori e Ordini.xlsx,,,CERTIFICAZIONE/CERTIFICAZIONI
CERT_8326280315496137882,SUP_2725608521654802801,PACE UTENSILI,nan,NAN,,,C:\Users\riccardo.dibiagio\PycharmProjects\etl_tool\Registro fornitori e Ordini.xlsx,,,CERTIFICAZIONE/CERTIFICAZIONI
CERT_8326280315496137882,SUP_2725608521654802801,PACE UTENSILI,nan,NAN,,,C:\Users\riccardo.dibiagio\PycharmProjects\etl_tool\Registro fornitori e Ordini.xlsx,,,CERTIFICAZIONE/CERTIFICAZIONI
CERT_7823734768193596902,SUP_692167826975852691,PARIANI S.R.L.,nan,NAN,,,C:\Users\riccardo.dibiagio\PycharmProjects\etl_tool\Registro fornitori e Ordini.xlsx,,,CERTIFICAZIONE/CERTIFICAZIONI
CERT_5241147476251603128,SUP_692167826975852691,PARIANI S.R.L.,ISO 9001:2015,ISO 9001:2015,,,C:\Users\riccardo.dibiagio\PycharmProjects\etl_tool\Registro fornitori e Ordini.xlsx,,,CERTIFICAZIONE/CERTIFICAZIONI
CERT_5931957703555457718,SUP_4068972905233336179,PARTELLI,nan,NAN,,,C:\Users\riccardo.dibiagio\PycharmProjects\etl_tool\Registro fornitori e Ordini.xlsx,,,CERTIFICAZIONE/CERTIFICAZIONI
CERT_5931957703555457718,SUP_4068972905233336179,PARTELLI,nan,NAN,,,C:\Users\riccardo.dibiagio\PycharmProjects\etl_tool\Registro fornitori e Ordini.xlsx,,,CERTIFICAZIONE/CERTIFICAZIONI
CERT_865489032411958395,SUP_3475706539591368255,PECCHIOLI RESEARCH S.R.L.,nan,NAN,,,C:\Users\riccardo.dibiagio\PycharmProjects\etl_tool\Registro fornitori e Ordini.xlsx,,,CERTIFICAZIONE/CERTIFICAZIONI
CERT_6247350861676309981,SUP_3475706539591368255,PECCHIOLI RESEARCH S.R.L.,ISO 9001:2015,ISO 9001:2015,,,C:\Users\riccardo.dibiagio\PycharmProjects\etl_tool\Registro fornitori e Ordini.xlsx,,,CERTIFICAZIONE/CERTIFICAZIONI
CERT_3282351152462058131,SUP_3889280966453641693,PLABER,nan,NAN,,,C:\Users\riccardo.dibiagio\PycharmProjects\etl_tool\Registro fornitori e Ordini.xlsx,,,CERTIFICAZIONE/CERTIFICAZIONI
CERT_3282351152462058131,SUP_3889280966453641693,PLABER,nan,NAN,,,C:\Users\riccardo.dibiagio\PycharmProjects\etl_tool\Registro fornitori e Ordini.xlsx,,,CERTIFICAZIONE/CERTIFICAZIONI
CERT_1965934401498640903,SUP_7684108721254084034,PRAGMA,nan,NAN,,,C:\Users\riccardo.dibiagio\PycharmProjects\etl_tool\Registro fornitori e Ordini.xlsx,,,CERTIFICAZIONE/CERTIFICAZIONI
CERT_1965934401498640903,SUP_7684108721254084034,PRAGMA,nan,NAN,,,C:\Users\riccardo.dibiagio\PycharmProjects\etl_tool\Registro fornitori e Ordini.xlsx,,,CERTIFICAZIONE/CERTIFICAZIONI
CERT_3481687040715460874,SUP_8287150687393649143,PRAXIGROUP,nan,NAN,,,C:\Users\riccardo.dibiagio\PycharmProjects\etl_tool\Registro fornitori e Ordini.xlsx,,,CERTIFICAZIONE/CERTIFICAZIONI
CERT_3481687040715460874,SUP_8287150687393649143,PRAXIGROUP,nan,NAN,,,C:\Users\riccardo.dibiagio\PycharmProjects\etl_tool\Registro fornitori e Ordini.xlsx,,,CERTIFICAZIONE/CERTIFICAZIONI
CERT_499369036125332767,SUP_7835686855342870195,PROMATEC S.P.A.,nan,NAN,,,C:\Users\riccardo.dibiagio\PycharmProjects\etl_tool\Registro fornitori e Ordini.xlsx,,,CERTIFICAZIONE/CERTIFICAZIONI
CERT_1164798423245172472,SUP_7835686855342870195,PROMATEC S.P.A.,ISO 9001:2015,ISO 9001:2015,,,C:\Users\riccardo.dibiagio\PycharmProjects\etl_tool\Registro fornitori e Ordini.xlsx,,,CERTIFICAZIONE/CERTIFICAZIONI
CERT_6689035408108997541,SUP_3095469585454098050,PROTO LABS TOOLING GMBH,nan,NAN,,,C:\Users\riccardo.dibiagio\PycharmProjects\etl_tool\Registro fornitori e Ordini.xlsx,,,CERTIFICAZIONE/CERTIFICAZIONI
CERT_6375846836336202489,SUP_3095469585454098050,PROTO LABS TOOLING GMBH,ISO 9001:2015,ISO 9001:2015,,,C:\Users\riccardo.dibiagio\PycharmProjects\etl_tool\Registro fornitori e Ordini.xlsx,,,CERTIFICAZIONE/CERTIFICAZIONI
CERT_422400790838642309,SUP_1919952987662277336,PROVAL SERVICE S.R.L.,nan,NAN,,,C:\Users\riccardo.dibiagio\PycharmProjects\etl_tool\Registro fornitori e Ordini.xlsx,,,CERTIFICAZIONE/CERTIFICAZIONI
CERT_4959461038425709277,SUP_1919952987662277336,PROVAL SERVICE S.R.L.,ISO 9001:2015,ISO 9001:2015,,,C:\Users\riccardo.dibiagio\PycharmProjects\etl_tool\Registro fornitori e Ordini.xlsx,,,CERTIFICAZIONE/CERTIFICAZIONI
CERT_8101509869793135861,SUP_5267865876619934833,QUASER,nan,NAN,,,C:\Users\riccardo.dibiagio\PycharmProjects\etl_tool\Registro fornitori e Ordini.xlsx,,,CERTIFICAZIONE/CERTIFICAZIONI
CERT_8101509869793135861,SUP_5267865876619934833,QUASER,nan,NAN,,,C:\Users\riccardo.dibiagio\PycharmProjects\etl_tool\Registro fornitori e Ordini.xlsx,,,CERTIFICAZIONE/CERTIFICAZIONI
CERT_1268470654734944151,SUP_1769043097137569824,RACK PERUZZI,nan,NAN,,,C:\Users\riccardo.dibiagio\PycharmProjects\etl_tool\Registro fornitori e Ordini.xlsx,,,CERTIFICAZIONE/CERTIFICAZIONI
CERT_6650332483999295737,SUP_1769043097137569824,RACK PERUZZI,ISO 9001:2015,ISO 9001:2015,,,C:\Users\riccardo.dibiagio\PycharmProjects\etl_tool\Registro fornitori e Ordini.xlsx,,,CERTIFICAZIONE/CERTIFICAZIONI
CERT_7083662108530066730,SUP_860377226032838986,RAVEDATI,nan,NAN,,,C:\Users\riccardo.dibiagio\PycharmProjects\etl_tool\Registro fornitori e Ordini.xlsx,,,CERTIFICAZIONE/CERTIFICAZIONI
CERT_7083662108530066730,SUP_860377226032838986,RAVEDATI,nan,NAN,,,C:\Users\riccardo.dibiagio\PycharmProjects\etl_tool\Registro fornitori e Ordini.xlsx,,,CERTIFICAZIONE/CERTIFICAZIONI
CERT_7115878549487422199,SUP_149577017567072811,ROTEM INDUSTRIES ISRAEL LTD,nan,NAN,,,C:\Users\riccardo.dibiagio\PycharmProjects\etl_tool\Registro fornitori e Ordini.xlsx,,,CERTIFICAZIONE/CERTIFICAZIONI
CERT_5949003694957777831,SUP_149577017567072811,ROTEM INDUSTRIES ISRAEL LTD,ISO 9001:2015,ISO 9001:2015,,,C:\Users\riccardo.dibiagio\PycharmProjects\etl_tool\Registro fornitori e Ordini.xlsx,,,CERTIFICAZIONE/CERTIFICAZIONI
CERT_8584444220103018243,SUP_5147226766586798730,RS COMPONENTS S.R.L.,nan,NAN,,,C:\Users\riccardo.dibiagio\PycharmProjects\etl_tool\Registro fornitori e Ordini.xlsx,,,CERTIFICAZIONE/CERTIFICAZIONI
CERT_6920276760732513004,SUP_5147226766586798730,RS COMPONENTS S.R.L.,ISO 9001:2015,ISO 9001:2015,,,C:\Users\riccardo.dibiagio\PycharmProjects\etl_tool\Registro fornitori e Ordini.xlsx,,,CERTIFICAZIONE/CERTIFICAZIONI
CERT_2821440690476087026,SUP_7820226361910347193,SAMTEC,nan,NAN,,,C:\Users\riccardo.dibiagio\PycharmProjects\etl_tool\Registro fornitori e Ordini.xlsx,,,CERTIFICAZIONE/CERTIFICAZIONI
CERT_2560421138788264560,SUP_7820226361910347193,SAMTEC,ISO 9001:2015,ISO 9001:2015,,,C:\Users\riccardo.dibiagio\PycharmProjects\etl_tool\Registro fornitori e Ordini.xlsx,,,CERTIFICAZIONE/CERTIFICAZIONI
CERT_3298601097863147939,SUP_9054727905333719892,SENRING ELECTRONICS CO. LIMITED,nan,NAN,,,C:\Users\riccardo.dibiagio\PycharmProjects\etl_tool\Registro fornitori e Ordini.xlsx,,,CERTIFICAZIONE/CERTIFICAZIONI
CERT_1829444283292572952,SUP_9054727905333719892,SENRING ELECTRONICS CO. LIMITED,???,???,,,C:\Users\riccardo.dibiagio\PycharmProjects\etl_tool\Registro fornitori e Ordini.xlsx,,,CERTIFICAZIONE/CERTIFICAZIONI
CERT_1828652295786942727,SUP_7136246588437852542,SERVOTECNICA S.P.A.,nan,NAN,,,C:\Users\riccardo.dibiagio\PycharmProjects\etl_tool\Registro fornitori e Ordini.xlsx,,,CERTIFICAZIONE/CERTIFICAZIONI
CERT_7951566916461776987,SUP_7136246588437852542,SERVOTECNICA S.P.A.,ISO 9001:2015,ISO 9001:2015,,,C:\Users\riccardo.dibiagio\PycharmProjects\etl_tool\Registro fornitori e Ordini.xlsx,,,CERTIFICAZIONE/CERTIFICAZIONI
CERT_7460427829200715811,SUP_2128467629412212970,SGA S.R.L.,nan,NAN,,,C:\Users\riccardo.dibiagio\PycharmProjects\etl_tool\Registro fornitori e Ordini.xlsx,,,CERTIFICAZIONE/CERTIFICAZIONI
CERT_2078565999936364225,SUP_2128467629412212970,SGA S.R.L.,ISO 9001:2015,ISO 9001:2015,,,C:\Users\riccardo.dibiagio\PycharmProjects\etl_tool\Registro fornitori e Ordini.xlsx,,,CERTIFICAZIONE/CERTIFICAZIONI
CERT_5054329422240780586,SUP_5724658575012767520,SHENZEN JINSHENGDA ELECTRONIC & TECH CO.,nan,NAN,,,C:\Users\riccardo.dibiagio\PycharmProjects\etl_tool\Registro fornitori e Ordini.xlsx,,,CERTIFICAZIONE/CERTIFICAZIONI
CERT_4725889790007939128,SUP_5724658575012767520,SHENZEN JINSHENGDA ELECTRONIC & TECH CO.,ISO 9001:2015,ISO 9001:2015,,,C:\Users\riccardo.dibiagio\PycharmProjects\etl_tool\Registro fornitori e Ordini.xlsx,,,CERTIFICAZIONE/CERTIFICAZIONI
CERT_6298282038896190928,SUP_7985139557138078456,SOLYNX CORPORATION,nan,NAN,,,C:\Users\riccardo.dibiagio\PycharmProjects\etl_tool\Registro fornitori e Ordini.xlsx,,,CERTIFICAZIONE/CERTIFICAZIONI
CERT_6766600205549009102,SUP_7985139557138078456,SOLYNX CORPORATION,ISO 9001:2015,ISO 9001:2015,,,C:\Users\riccardo.dibiagio\PycharmProjects\etl_tool\Registro fornitori e Ordini.xlsx,,,CERTIFICAZIONE/CERTIFICAZIONI
CERT_5597963434760351542,SUP_3964537242048028404,SPECTROGON AB,nan,NAN,,,C:\Users\riccardo.dibiagio\PycharmProjects\etl_tool\Registro fornitori e Ordini.xlsx,,,CERTIFICAZIONE/CERTIFICAZIONI
CERT_4182255777488368172,SUP_3964537242048028404,SPECTROGON AB,ISO 9001:2015,ISO 9001:2015,,,C:\Users\riccardo.dibiagio\PycharmProjects\etl_tool\Registro fornitori e Ordini.xlsx,,,CERTIFICAZIONE/CERTIFICAZIONI
CERT_1798374738697335609,SUP_7671884539361949218,"SUNKING CIRCUITS ELECTRONICS CO., LTD.",nan,NAN,,,C:\Users\riccardo.dibiagio\PycharmProjects\etl_tool\Registro fornitori e Ordini.xlsx,,,CERTIFICAZIONE/CERTIFICAZIONI
CERT_7981844473551384105,SUP_7671884539361949218,"SUNKING CIRCUITS ELECTRONICS CO., LTD.",ISO 9001:2015,ISO 9001:2015,,,C:\Users\riccardo.dibiagio\PycharmProjects\etl_tool\Registro fornitori e Ordini.xlsx,,,CERTIFICAZIONE/CERTIFICAZIONI
CERT_8022916573028756148,SUP_3738838332918926724,TECHNOLOGY NUCLEAR ELECTRONICS SRL,nan,NAN,,,C:\Users\riccardo.dibiagio\PycharmProjects\etl_tool\Registro fornitori e Ordini.xlsx,,,CERTIFICAZIONE/CERTIFICAZIONI
CERT_2808259519128752110,SUP_3738838332918926724,TECHNOLOGY NUCLEAR ELECTRONICS SRL,ISO 9001:2015 - certificato n. 9115.TNE1,ISO 9001:2015 - CERTIFICATO N. 9115.TNE1,,,C:\Users\riccardo.dibiagio\PycharmProjects\etl_tool\Registro fornitori e Ordini.xlsx,,,CERTIFICAZIONE/CERTIFICAZIONI
CERT_8325529388489719087,SUP_370981806065138102,TECNO 77,nan,NAN,,,C:\Users\riccardo.dibiagio\PycharmProjects\etl_tool\Registro fornitori e Ordini.xlsx,,,CERTIFICAZIONE/CERTIFICAZIONI
CERT_2943667559225367501,SUP_370981806065138102,TECNO 77,ISO 9001:2015,ISO 9001:2015,,,C:\Users\riccardo.dibiagio\PycharmProjects\etl_tool\Registro fornitori e Ordini.xlsx,,,CERTIFICAZIONE/CERTIFICAZIONI
CERT_6489078356254488769,SUP_6971707677530644434,TECNO GENERAL,nan,NAN,,,C:\Users\riccardo.dibiagio\PycharmProjects\etl_tool\Registro fornitori e Ordini.xlsx,,,CERTIFICAZIONE/CERTIFICAZIONI
CERT_6489078356254488769,SUP_6971707677530644434,TECNO GENERAL,nan,NAN,,,C:\Users\riccardo.dibiagio\PycharmProjects\etl_tool\Registro fornitori e Ordini.xlsx,,,CERTIFICAZIONE/CERTIFICAZIONI
CERT_3098548526506531810,SUP_2587519935137978070,TECNOCLIMA S.R.L.,nan,NAN,,,C:\Users\riccardo.dibiagio\PycharmProjects\etl_tool\Registro fornitori e Ordini.xlsx,,,CERTIFICAZIONE/CERTIFICAZIONI
CERT_3098548526506531810,SUP_2587519935137978070,TECNOCLIMA S.R.L.,nan,NAN,,,C:\Users\riccardo.dibiagio\PycharmProjects\etl_tool\Registro fornitori e Ordini.xlsx,,,CERTIFICAZIONE/CERTIFICAZIONI
CERT_3085181915959782919,SUP_6407544227265236460,TECNOMEC S.R.L.,nan,NAN,,,C:\Users\riccardo.dibiagio\PycharmProjects\etl_tool\Registro fornitori e Ordini.xlsx,,,CERTIFICAZIONE/CERTIFICAZIONI
CERT_8467043745224134505,SUP_6407544227265236460,TECNOMEC S.R.L.,ISO 9001:2015,ISO 9001:2015,,,C:\Users\riccardo.dibiagio\PycharmProjects\etl_tool\Registro fornitori e Ordini.xlsx,,,CERTIFICAZIONE/CERTIFICAZIONI
CERT_4894758312717217317,SUP_2143113943275349909,TECNOMILL S.R.L.,nan,NAN,,,C:\Users\riccardo.dibiagio\PycharmProjects\etl_tool\Registro fornitori e Ordini.xlsx,,,CERTIFICAZIONE/CERTIFICAZIONI
CERT_148287509189709637,SUP_2143113943275349909,TECNOMILL S.R.L.,ISO 9001:2015 / EN 9100:2018,ISO 9001:2015 / EN 9100:2018,,,C:\Users\riccardo.dibiagio\PycharmProjects\etl_tool\Registro fornitori e Ordini.xlsx,,,CERTIFICAZIONE/CERTIFICAZIONI
CERT_7232842762646660084,SUP_3831100867957904877,TECNOTTICA CONSONNI S.R.L.,nan,NAN,,,C:\Users\riccardo.dibiagio\PycharmProjects\etl_tool\Registro fornitori e Ordini.xlsx,,,CERTIFICAZIONE/CERTIFICAZIONI
CERT_4498652839032797195,SUP_3831100867957904877,TECNOTTICA CONSONNI S.R.L.,ISO 9001:2015,ISO 9001:2015,,,C:\Users\riccardo.dibiagio\PycharmProjects\etl_tool\Registro fornitori e Ordini.xlsx,,,CERTIFICAZIONE/CERTIFICAZIONI
CERT_277263905753249545,SUP_2765943585002483821,TEKCELEO,nan,NAN,,,C:\Users\riccardo.dibiagio\PycharmProjects\etl_tool\Registro fornitori e Ordini.xlsx,,,CERTIFICAZIONE/CERTIFICAZIONI
CERT_5659125735017601131,SUP_2765943585002483821,TEKCELEO,ISO 9001:2015,ISO 9001:2015,,,C:\Users\riccardo.dibiagio\PycharmProjects\etl_tool\Registro fornitori e Ordini.xlsx,,,CERTIFICAZIONE/CERTIFICAZIONI
CERT_1103250244369511796,SUP_3536730906940634694,TESLAB S.R.L.,nan,NAN,,,C:\Users\riccardo.dibiagio\PycharmProjects\etl_tool\Registro fornitori e Ordini.xlsx,,,CERTIFICAZIONE/CERTIFICAZIONI
CERT_1103250244369511796,SUP_3536730906940634694,TESLAB S.R.L.,nan,NAN,,,C:\Users\riccardo.dibiagio\PycharmProjects\etl_tool\Registro fornitori e Ordini.xlsx,,,CERTIFICAZIONE/CERTIFICAZIONI
CERT_8258780140182558508,SUP_2456672916956456791,TRANS-PART SRL,nan,NAN,,,C:\Users\riccardo.dibiagio\PycharmProjects\etl_tool\Registro fornitori e Ordini.xlsx,,,CERTIFICAZIONE/CERTIFICAZIONI
CERT_1875819946043611604,SUP_2456672916956456791,TRANS-PART SRL,EN 9120-2018 / ISO 9001:2015,EN 9120-2018 / ISO 9001:2015,,,C:\Users\riccardo.dibiagio\PycharmProjects\etl_tool\Registro fornitori e Ordini.xlsx,,,CERTIFICAZIONE/CERTIFICAZIONI
CERT_1408487132338291025,SUP_7279399796261215696,TRATTAMENTI GALVANICI INDUSTRIALI S.R.L.,nan,NAN,,,C:\Users\riccardo.dibiagio\PycharmProjects\etl_tool\Registro fornitori e Ordini.xlsx,,,CERTIFICAZIONE/CERTIFICAZIONI
CERT_4949181830829476812,SUP_7279399796261215696,TRATTAMENTI GALVANICI INDUSTRIALI S.R.L.,ISO 9001:2015 / EN 9100:2018,ISO 9001:2015 / EN 9100:2018,,,C:\Users\riccardo.dibiagio\PycharmProjects\etl_tool\Registro fornitori e Ordini.xlsx,,,CERTIFICAZIONE/CERTIFICAZIONI
CERT_4527315317228844580,SUP_9041471132856426669,TS2 ENGINEERING,nan,NAN,,,C:\Users\riccardo.dibiagio\PycharmProjects\etl_tool\Registro fornitori e Ordini.xlsx,,,CERTIFICAZIONE/CERTIFICAZIONI
CERT_4527315317228844580,SUP_9041471132856426669,TS2 ENGINEERING,nan,NAN,,,C:\Users\riccardo.dibiagio\PycharmProjects\etl_tool\Registro fornitori e Ordini.xlsx,,,CERTIFICAZIONE/CERTIFICAZIONI
CERT_726344026333326300,SUP_5404335453257618150,TTI ITALY SRL,nan,NAN,,,C:\Users\riccardo.dibiagio\PycharmProjects\etl_tool\Registro fornitori e Ordini.xlsx,,,CERTIFICAZIONE/CERTIFICAZIONI
CERT_8715059178557968782,SUP_5404335453257618150,TTI ITALY SRL,ISO 9001:2015 / EN 9100:2018,ISO 9001:2015 / EN 9100:2018,,,C:\Users\riccardo.dibiagio\PycharmProjects\etl_tool\Registro fornitori e Ordini.xlsx,,,CERTIFICAZIONE/CERTIFICAZIONI
CERT_5588309978298150985,SUP_1974149026307225299,VIGO PHOTONICS S.A.,nan,NAN,,,C:\Users\riccardo.dibiagio\PycharmProjects\etl_tool\Registro fornitori e Ordini.xlsx,,,CERTIFICAZIONE/CERTIFICAZIONI
CERT_7476572266147049045,SUP_1974149026307225299,VIGO PHOTONICS S.A.,ISO 9001:2015,ISO 9001:2015,,,C:\Users\riccardo.dibiagio\PycharmProjects\etl_tool\Registro fornitori e Ordini.xlsx,,,CERTIFICAZIONE/CERTIFICAZIONI
CERT_2740156601311076059,SUP_3775674703962406673,W.L. GORE & ASSOCIATES (UK) LTD,nan,NAN,,,C:\Users\riccardo.dibiagio\PycharmProjects\etl_tool\Registro fornitori e Ordini.xlsx,,,CERTIFICAZIONE/CERTIFICAZIONI
CERT_5669349379343340634,SUP_3775674703962406673,W.L. GORE & ASSOCIATES (UK) LTD,AS9100D / ISO 9001_2015,AS9100D / ISO 9001_2015,,,C:\Users\riccardo.dibiagio\PycharmProjects\etl_tool\Registro fornitori e Ordini.xlsx,,,CERTIFICAZIONE/CERTIFICAZIONI
CERT_1133530509190284222,SUP_1277636026167821270,WETEC,nan,NAN,,,C:\Users\riccardo.dibiagio\PycharmProjects\etl_tool\Registro fornitori e Ordini.xlsx,,,CERTIFICAZIONE/CERTIFICAZIONI
CERT_1133530509190284222,SUP_1277636026167821270,WETEC,nan,NAN,,,C:\Users\riccardo.dibiagio\PycharmProjects\etl_tool\Registro fornitori e Ordini.xlsx,,,CERTIFICAZIONE/CERTIFICAZIONI
